CHROM	POS	ID	REF	ALT	QUAL	FILTER	DB	ECNT	HCNT	MAX_ED	MIN_ED	NLOD	PON	RPA	RU	STR	TLOD	NORMAL.GT	NORMAL.AD	NORMAL.AF	NORMAL.ALT_F1R2	NORMAL.ALT_F2R1	NORMAL.FOXOG	NORMAL.QSS	NORMAL.REF_F1R2	NORMAL.REF_F2R1	NORMAL.PGT	NORMAL.PID	TUMOR.GT	TUMOR.AD	TUMOR.AF	TUMOR.ALT_F1R2	TUMOR.ALT_F2R1	TUMOR.FOXOG	TUMOR.QSS	TUMOR.REF_F1R2	TUMOR.REF_F2R1	TUMOR.PGT	TUMOR.PID
1	976729	.	G	A	-10.0	PASS	NA	1	15	.	.	30.45	NA	NA	NA	NA	29.00	G/G	120,1	9.524e-03	0	1	0.00	3722,5	56	64	NA	NA	G/A	60,12	0.197	5	7	0.417	1683,364	37	23	NA	NA
1	1226062	rs149311292	C	T	-10.0	PASS	true	1	4	.	.	11.09	NA	NA	NA	NA	6.41	C/C	39,0	0.00	0	0	NA	1290,0	16	23	NA	NA	C/T	34,4	0.094	4	0	0.00	1067,124	13	21	NA	NA
1	5969084	.	G	A	-10.0	PASS	NA	1	1	.	.	7.78	NA	NA	NA	NA	6.97	G/G	27,0	0.00	0	0	NA	857,0	9	18	NA	NA	G/A	20,4	0.143	2	2	0.500	627,121	8	12	NA	NA
1	20656789	.	G	A	-10.0	PASS	NA	1	56	.	.	20.47	NA	NA	NA	NA	46.30	G/G	74,0	0.00	0	0	NA	2716,0	29	45	NA	NA	G/A	67,23	0.270	12	11	0.522	2235,644	29	38	NA	NA
1	34090754	rs547901844	G	A	-10.0	PASS	true	1	12	.	.	32.20	NA	NA	NA	NA	40.76	G/G	115,0	0.00	0	0	NA	4007,0	53	62	NA	NA	G/A	68,21	0.218	9	12	0.429	2135,622	34	34	NA	NA
1	34164323	.	G	A	-10.0	PASS	NA	1	2	.	.	8.43	NA	NA	NA	NA	13.10	G/G	28,0	0.00	0	0	NA	1049,0	9	19	NA	NA	G/A	15,5	0.250	1	4	0.200	505,156	6	9	NA	NA
1	67206943	rs769684253	GT	G	-10.0	PASS	true	1	6	.	.	17.68	NA	9,8	T	true	14.44	GT/GT	69,0	0.00	0	0	NA	2502,0	24	45	NA	NA	GT/G	82,18	0.187	9	9	NA	2900,622	43	39	NA	NA
1	86048458	rs144258395	C	T	-10.0	PASS	true	1	28	.	.	22.43	NA	NA	NA	NA	6.46	C/C	81,0	0.00	0	0	NA	2717,0	36	45	NA	NA	C/T	197,4	0.023	4	0	0.00	6241,128	107	90	NA	NA
1	99418808	.	G	T	-10.0	PASS	NA	1	12	.	.	27.99	NA	NA	NA	NA	67.90	G/G	108,0	0.00	0	0	NA	4053,0	38	70	NA	NA	G/T	120,33	0.228	15	18	0.455	4111,957	60	60	NA	NA
1	109909947	rs149066688	C	T	-10.0	PASS	true	1	6	.	.	27.64	NA	NA	NA	NA	7.94	C/C	101,0	0.00	0	0	NA	3680,0	40	61	NA	NA	C/T	164,7	0.034	7	0	0.00	5490,216	76	88	NA	NA
1	114450784	rs774706467	G	A	-10.0	PASS	true	1	42	.	.	27.64	NA	NA	NA	NA	7.28	G/G	101,0	0.00	0	0	NA	3555,0	46	55	NA	NA	G/A	205,5	0.028	0	5	0.00	6674,151	113	92	NA	NA
1	119469312	.	GT	G	-10.0	PASS	NA	1	1	.	.	6.58	NA	7,6	T	true	7.64	GT/GT	22,0	0.00	0	0	NA	821,0	13	9	NA	NA	GT/G	24,5	0.172	3	2	NA	803,159	14	10	NA	NA
1	143392571	rs10443586	G	A	-10.0	PASS	true	1	4	.	.	6.62	NA	NA	NA	NA	10.36	G/G	29,0	0.00	0	0	NA	1083,0	10	19	NA	NA	G/A	40,5	0.143	2	3	0.400	1420,162	21	19	NA	NA
1	148010972	rs782012848	A	G	-10.0	PASS	true	1	4	.	.	19.60	NA	NA	NA	NA	10.01	A/A	112,1	0.012	1	0	0.00	4010,37	65	47	NA	NA	A/G	48,6	0.114	3	3	0.500	1423,205	25	23	NA	NA
1	150599656	.	G	A	-10.0	PASS	NA	2	2	1	1	3.61	NA	NA	NA	NA	10.45	G/G	12,0	0.00	0	0	NA	444,0	7	5	0|1	150599656_G_A	G/A	10,3	0.231	2	1	0.667	353,81	5	5	0|1	150599656_G_A
1	150599657	.	C	A	-10.0	PASS	NA	2	2	1	1	3.61	NA	NA	NA	NA	10.45	C/C	12,0	0.00	0	0	NA	414,0	7	5	0|1	150599656_G_A	C/A	10,3	0.231	2	1	0.333	350,93	5	5	0|1	150599656_G_A
1	151288318	.	G	C	-10.0	PASS	NA	1	45	.	.	22.57	NA	NA	NA	NA	10.56	G/G	81,0	0.00	0	0	NA	2973,0	30	51	NA	NA	G/C	94,5	0.063	2	3	0.400	3274,163	40	54	NA	NA
1	151811059	.	C	T	-10.0	PASS	NA	1	2	.	.	6.02	NA	NA	NA	NA	9.52	C/C	21,0	0.00	0	0	NA	695,0	10	11	NA	NA	C/T	9,4	0.308	3	1	0.250	277,111	0	9	NA	NA
1	152326204	.	C	T	-10.0	PASS	NA	1	12	.	.	42.74	NA	NA	NA	NA	6.51	C/C	159,0	0.00	0	0	NA	5922,0	79	80	NA	NA	C/T	155,5	0.028	5	0	0.00	5450,158	84	71	NA	NA
1	153640577	.	C	T	-10.0	PASS	NA	1	1	.	.	10.23	NA	NA	NA	NA	6.64	C/C	34,0	0.00	0	0	NA	1279,0	14	20	NA	NA	C/T	38,3	0.077	2	1	0.333	1353,98	17	21	NA	NA
1	158058092	.	C	A	-10.0	PASS	NA	1	4	.	.	18.06	NA	NA	NA	NA	26.86	C/C	62,0	0.00	0	0	NA	2211,0	33	29	NA	NA	C/A	70,11	0.155	2	9	0.818	2330,349	38	32	NA	NA
1	158725306	.	T	A	-10.0	PASS	NA	1	1	.	.	47.25	NA	NA	NA	NA	8.61	T/T	165,0	0.00	0	0	NA	5952,0	61	104	NA	NA	T/A	115,5	0.049	4	1	0.800	3492,149	53	62	NA	NA
1	200183327	rs780742516	C	T	-10.0	PASS	true	1	2	.	.	10.83	NA	NA	NA	NA	8.77	C/C	40,0	0.00	0	0	NA	1339,0	13	27	NA	NA	C/T	28,4	0.138	1	3	0.750	919,119	20	8	NA	NA
1	202920171	.	C	T	-10.0	PASS	NA	1	1	.	.	21.93	NA	NA	NA	NA	7.04	C/C	85,0	0.00	0	0	NA	2981,0	42	43	NA	NA	C/T	94,5	0.045	3	2	0.400	3143,151	52	42	NA	NA
1	211966650	.	G	A	-10.0	PASS	NA	1	2	.	.	2.71	NA	NA	NA	NA	7.77	G/G	9,0	0.00	0	0	NA	335,0	2	7	NA	NA	G/A	30,4	0.118	2	2	0.500	964,112	12	18	NA	NA
1	236897851	.	C	A	-10.0	PASS	NA	1	62	.	.	28.25	NA	NA	NA	NA	76.75	C/C	97,0	0.00	0	0	NA	3544,0	44	53	NA	NA	C/A	87,34	0.274	21	13	0.382	3068,964	55	32	NA	NA
1	247287280	.	G	A	-10.0	PASS	NA	1	20	.	.	30.02	NA	NA	NA	NA	18.32	G/G	105,0	0.00	0	0	NA	3711,0	52	53	NA	NA	G/A	102,12	0.103	4	8	0.333	3362,332	61	41	NA	NA
2	10584440	.	G	A	-10.0	PASS	NA	1	1	.	.	10.53	NA	NA	NA	NA	7.14	G/G	37,0	0.00	0	0	NA	1341,0	12	25	NA	NA	G/A	43,5	0.093	3	2	0.600	1380,139	24	19	NA	NA
2	11355001	.	C	T	-10.0	PASS	NA	1	2	.	.	26.44	NA	NA	NA	NA	8.17	C/C	96,0	0.00	0	0	NA	3389,0	45	51	NA	NA	C/T	149,6	0.038	6	0	0.00	4835,180	72	77	NA	NA
2	21227451	.	C	A	-10.0	PASS	NA	1	1	.	.	31.00	NA	NA	NA	NA	8.33	C/C	108,0	0.00	0	0	NA	3904,0	40	68	NA	NA	C/A	106,7	0.051	4	3	0.429	3660,185	56	50	NA	NA
2	26409199	.	T	C	-10.0	PASS	NA	1	1	.	.	6.88	NA	NA	NA	NA	20.96	T/T	28,0	0.00	0	0	NA	1019,0	9	19	NA	NA	T/C	24,8	0.259	5	3	0.625	687,279	12	12	NA	NA
2	27560820	.	C	T	-10.0	PASS	NA	1	1	.	.	15.05	NA	NA	NA	NA	21.58	C/C	53,0	0.00	0	0	NA	1917,0	22	31	NA	NA	C/T	52,10	0.185	8	2	0.200	1741,282	26	26	NA	NA
2	38827006	.	T	A	-10.0	PASS	NA	2	8	1	1	28.90	NA	NA	NA	NA	73.05	T/T	102,0	0.00	0	0	NA	3774,0	40	62	0|1	38827006_T_A	T/A	184,27	0.121	16	11	0.593	5600,828	75	109	0|1	38827006_T_A
2	38827007	.	A	T	-10.0	PASS	NA	2	8	1	1	28.60	NA	NA	NA	NA	73.11	A/A	103,0	0.00	0	0	NA	3746,0	40	63	0|1	38827006_T_A	A/T	185,27	0.122	16	11	0.407	5495,791	76	109	0|1	38827006_T_A
2	42513371	.	C	T	-10.0	PASS	NA	1	6	.	.	32.16	NA	NA	NA	NA	6.33	C/C	119,0	0.00	0	0	NA	4210,0	43	76	NA	NA	C/T	190,5	0.025	5	0	0.00	6384,153	114	76	NA	NA
2	52799622	.	C	T	-10.0	PASS	NA	1	4	.	.	18.61	NA	NA	NA	NA	6.34	C/C	70,0	0.00	0	0	NA	2231,0	33	37	NA	NA	C/T	63,4	0.048	2	2	0.500	1978,116	35	28	NA	NA
2	61542076	.	A	G	-10.0	PASS	NA	1	1	.	.	7.43	NA	NA	NA	NA	34.80	A/A	27,0	0.00	0	0	NA	896,0	8	19	NA	NA	A/G	56,13	0.203	6	7	0.538	1686,453	25	31	NA	NA
2	74803696	rs200361166	G	A	-10.0	PASS	true	1	2	.	.	13.24	NA	NA	NA	NA	36.56	G/G	50,0	0.00	0	0	NA	1728,0	16	34	NA	NA	G/A	75,19	0.203	6	13	0.316	2428,560	35	40	NA	NA
2	75106028	rs775545297	C	T	-10.0	PASS	true	1	4	.	.	19.22	NA	NA	NA	NA	6.49	C/C	71,0	0.00	0	0	NA	2504,0	25	46	NA	NA	C/T	73,5	0.050	5	0	0.00	2335,155	33	40	NA	NA
2	89475936	rs373811766	C	T	-10.0	PASS	true	1	37	.	.	23.08	NA	NA	NA	NA	6.89	C/C	92,0	0.00	0	0	NA	3149,0	48	44	NA	NA	C/T	149,4	0.031	4	0	0.00	4814,127	74	75	NA	NA
2	96185505	rs549195705	C	T	-10.0	PASS	true	1	1	.	.	6.62	NA	NA	NA	NA	30.84	C/C	23,0	0.00	0	0	NA	759,0	12	11	NA	NA	C/T	22,14	0.355	3	11	0.786	622,406	12	10	NA	NA
2	96955730	.	G	A	-10.0	PASS	NA	1	8	.	.	13.20	NA	NA	NA	NA	7.98	G/G	46,0	0.00	0	0	NA	1627,0	18	28	NA	NA	G/A	43,5	0.095	1	4	0.200	1441,149	24	19	NA	NA
2	128939651	rs567921401	G	A	-10.0	PASS	true	1	69	.	.	10.53	NA	NA	NA	NA	6.51	G/G	35,0	0.00	0	0	NA	1193,0	10	25	NA	NA	G/A	34,3	0.081	1	2	0.333	1013,96	20	14	NA	NA
2	136623785	.	G	A	-10.0	PASS	NA	2	6	1	1	28.00	NA	NA	NA	NA	7.53	G/G	108,0	0.00	0	0	NA	3832,0	30	78	NA	NA	G/A	172,6	0.034	0	6	0.00	5581,177	71	101	NA	NA
2	141214028	.	C	A	-10.0	PASS	NA	1	6	.	.	15.05	NA	NA	NA	NA	11.26	C/C	53,0	0.00	0	0	NA	2013,0	29	24	NA	NA	C/A	118,7	0.053	4	3	0.429	4162,213	68	50	NA	NA
2	145157350	.	G	T	-10.0	PASS	NA	1	22	.	.	34.57	NA	NA	NA	NA	50.40	G/G	121,0	0.00	0	0	NA	4521,0	43	78	NA	NA	G/T	126,21	0.158	12	9	0.571	4285,659	64	62	NA	NA
2	158114950	.	G	A	-10.0	PASS	NA	1	16	.	.	23.39	NA	NA	NA	NA	150.60	G/G	79,0	0.00	0	0	NA	2851,0	28	51	NA	NA	G/A	141,62	0.310	28	34	0.452	4794,1887	43	98	NA	NA
2	166764183	.	T	TCAAAATCAAAATAC	-10.0	PASS	NA	1	16	.	.	19.60	NA	NA	NA	NA	7.15	T/T	73,0	0.00	0	0	NA	2600,0	41	32	NA	NA	T/TCAAAATCAAAATAC	176,3	0.021	3	0	NA	5377,91	105	71	NA	NA
2	168103218	.	G	T	-10.0	PASS	NA	1	2	.	.	33.96	NA	NA	NA	NA	22.12	G/G	120,0	0.00	0	0	NA	4443,0	45	75	NA	NA	G/T	179,14	0.071	5	9	0.357	6286,412	90	89	NA	NA
2	170361000	.	C	T	-10.0	PASS	NA	1	8	.	.	67.06	NA	NA	NA	NA	7.36	C/C	255,0	0.00	0	0	NA	9057,0	103	152	NA	NA	C/T	333,6	0.018	6	0	0.00	10888,189	172	161	NA	NA
2	179458768	rs760068789	C	T	-10.0	PASS	true	1	13	.	.	74.25	NA	NA	NA	NA	8.57	C/C	274,0	0.00	0	0	NA	9805,0	117	157	NA	NA	C/T	309,7	0.023	6	1	0.143	10110,213	168	141	NA	NA
2	179606431	.	G	A	-10.0	PASS	NA	1	32	.	.	33.71	NA	NA	NA	NA	67.89	G/G	127,0	0.00	0	0	NA	4795,0	48	79	NA	NA	G/A	142,29	0.192	15	14	0.517	4891,886	70	72	NA	NA
2	196866537	.	T	C	-10.0	PASS	NA	1	2	.	.	15.35	NA	NA	NA	NA	28.85	T/T	57,0	0.00	0	0	NA	2071,0	16	41	NA	NA	T/C	46,12	0.204	9	3	0.750	1445,398	23	23	NA	NA
2	197975514	rs867448932	G	A	-10.0	PASS	true	1	64	.	.	34.91	NA	NA	NA	NA	7.05	G/G	123,0	0.00	0	0	NA	4389,0	43	80	NA	NA	G/A	224,5	0.021	1	4	0.200	7232,159	112	112	NA	NA
2	202323282	.	A	G	-10.0	PASS	NA	1	1	.	.	6.32	NA	NA	NA	NA	10.86	A/A	21,0	0.00	0	0	NA	772,0	10	11	NA	NA	A/G	30,4	0.118	4	0	0.00	872,143	13	17	NA	NA
2	206641085	rs376610220	C	T	-10.0	PASS	true	1	16	.	.	28.54	NA	NA	NA	NA	6.40	C/C	105,0	0.00	0	0	NA	3606,0	46	59	NA	NA	C/T	116,5	0.037	4	1	0.200	3797,151	59	57	NA	NA
2	210558706	.	G	T	-10.0	PASS	NA	1	32	.	.	43.34	NA	NA	NA	NA	7.07	G/G	156,0	0.00	0	0	NA	5907,0	55	101	NA	NA	G/T	224,6	0.026	3	3	0.500	7884,180	110	114	NA	NA
2	216229813	.	G	A	-10.0	PASS	NA	1	48	.	.	23.43	NA	NA	NA	NA	6.35	G/G	83,0	0.00	0	0	NA	3013,0	32	51	NA	NA	G/A	130,5	0.034	0	5	0.00	4415,148	70	60	NA	NA
2	217285160	rs138575228	G	A	-10.0	PASS	true	1	8	.	.	35.97	NA	NA	NA	NA	6.30	G/G	125,0	0.00	0	0	NA	4199,0	54	71	NA	NA	G/A	154,4	0.028	0	4	0.00	4800,123	67	87	NA	NA
2	219447910	rs373625921	GAA	G	-10.0	PASS	true	1	6	.	.	10.24	NA	NA	NA	NA	7.32	GAA/GAA	34,0	0.00	0	0	NA	1247,0	15	19	NA	NA	GAA/G	46,4	0.082	0	4	NA	1540,138	19	27	NA	NA
2	220145230	.	C	T	-10.0	PASS	NA	1	4	.	.	3.01	NA	NA	NA	NA	7.86	C/C	10,0	0.00	0	0	NA	368,0	5	5	NA	NA	C/T	34,4	0.111	1	3	0.750	1120,114	16	18	NA	NA
2	232153322	.	C	T	-10.0	PASS	NA	1	8	.	.	24.68	NA	NA	NA	NA	6.71	C/C	89,0	0.00	0	0	NA	3129,0	44	45	NA	NA	C/T	165,4	0.028	2	2	0.500	5327,127	74	91	NA	NA
2	234959634	rs753888543	C	T	-10.0	PASS	true	1	2	.	.	26.18	NA	NA	NA	NA	7.29	C/C	96,0	0.00	0	0	NA	3304,0	34	62	NA	NA	C/T	83,4	0.055	3	1	0.250	2642,121	50	33	NA	NA
3	15466704	rs758121811	C	T	-10.0	PASS	true	1	1	.	.	10.23	NA	NA	NA	NA	6.54	C/C	34,0	0.00	0	0	NA	1111,0	10	24	NA	NA	C/T	24,3	0.111	2	1	0.333	745,92	9	15	NA	NA
3	24164499	.	A	C	-10.0	PASS	NA	1	2	.	.	32.11	NA	NA	NA	NA	55.36	A/A	117,0	0.00	0	0	NA	4153,0	54	63	NA	NA	A/C	124,27	0.169	12	15	0.556	3714,888	54	70	NA	NA
3	25679636	.	A	G	-10.0	PASS	NA	1	16	.	.	5.42	NA	NA	NA	NA	55.86	A/A	19,0	0.00	0	0	NA	695,0	7	12	NA	NA	A/G	87,20	0.190	9	11	0.550	2727,714	38	49	NA	NA
3	27490260	rs774016267	G	A	-10.0	PASS	true	1	12	.	.	36.72	NA	NA	NA	NA	6.80	G/G	142,0	0.00	0	0	NA	5116,0	53	89	NA	NA	G/A	326,7	0.021	0	7	0.00	10757,196	182	144	NA	NA
3	38592387	rs199473635	G	A	-10.0	PASS	true	1	9	.	.	47.51	NA	NA	NA	NA	22.85	G/G	166,0	0.00	0	0	NA	5736,0	71	95	NA	NA	G/A	110,13	0.105	5	8	0.385	3594,415	54	56	NA	NA
3	48624958	rs773083989	G	A	-10.0	PASS	true	1	2	.	.	13.84	NA	NA	NA	NA	7.46	G/G	49,0	0.00	0	0	NA	1726,0	16	33	NA	NA	G/A	52,7	0.085	0	7	0.00	1709,209	19	33	NA	NA
3	48626995	.	C	T	-10.0	PASS	NA	1	1	.	.	9.58	NA	NA	NA	NA	7.28	C/C	32,0	0.00	0	0	NA	1060,0	17	15	NA	NA	C/T	13,3	0.200	2	1	0.333	409,91	10	3	NA	NA
3	52741805	.	A	AT	-10.0	PASS	NA	1	10	.	.	21.96	NA	NA	NA	NA	6.41	A/A	77,0	0.00	0	0	NA	2738,0	33	44	NA	NA	A/AT	193,3	6.024e-03	1	0	NA	5715,29	105	88	NA	NA
3	66421101	.	A	G	-10.0	PASS	NA	1	2	.	.	19.28	NA	NA	NA	NA	26.14	A/A	70,1	0.015	0	1	1.00	2296,7	27	43	NA	NA	A/G	61,14	0.164	7	7	0.500	1681,462	40	21	NA	NA
3	72861953	.	G	GATATAATAATGATTTTTGC	-10.0	PASS	NA	1	8	.	.	15.68	NA	NA	NA	NA	7.58	G/G	55,0	0.00	0	0	NA	2063,0	23	32	NA	NA	G/GATATAATAATGATTTTTGC	112,3	0.029	3	0	NA	3892,98	51	61	NA	NA
3	111887638	.	A	C	-10.0	PASS	NA	1	1	.	.	3.61	NA	NA	NA	NA	15.79	A/A	12,0	0.00	0	0	NA	426,0	3	9	NA	NA	A/C	13,6	0.316	4	2	0.333	407,187	6	7	NA	NA
3	121208188	rs776736443	C	T	-10.0	PASS	true	1	15	.	.	42.44	NA	NA	NA	NA	7.35	C/C	154,0	0.00	0	0	NA	5591,0	66	88	NA	NA	C/T	175,6	0.031	6	0	0.00	5703,179	96	79	NA	NA
3	129155452	rs748961506	G	A	-10.0	PASS	true	1	8	.	.	26.14	NA	NA	NA	NA	6.30	G/G	90,0	0.00	0	0	NA	3217,0	29	61	NA	NA	G/A	143,5	0.030	0	5	0.00	4713,156	69	74	NA	NA
3	150290104	.	C	T	-10.0	PASS	NA	1	42	.	.	54.73	NA	NA	NA	NA	6.96	C/C	197,0	0.00	0	0	NA	7253,0	67	130	NA	NA	C/T	234,5	0.023	0	5	1.00	8124,149	129	105	NA	NA
3	178952085	rs121913279	A	G	-10.0	PASS	true	1	2	.	.	43.34	NA	NA	NA	NA	20.12	A/A	159,0	0.00	0	0	NA	5864,0	57	102	NA	NA	A/G	260,11	0.047	7	4	0.364	7987,341	121	139	NA	NA
3	195785655	.	C	G	-10.0	PASS	NA	1	1	.	.	2.71	NA	NA	NA	NA	18.57	C/C	9,0	0.00	0	0	NA	330,0	4	5	NA	NA	C/G	10,6	0.375	5	1	0.167	350,203	6	4	NA	NA
4	1217230	.	G	A	-10.0	PASS	NA	1	4	.	.	24.93	NA	NA	NA	NA	6.74	G/G	93,0	0.00	0	0	NA	3123,0	38	55	NA	NA	G/A	106,6	0.045	1	5	0.167	3240,177	50	56	NA	NA
4	42424886	rs777508784	G	A	-10.0	PASS	true	1	8	.	.	20.72	NA	NA	NA	NA	6.39	G/G	78,0	0.00	0	0	NA	2700,0	37	41	NA	NA	G/A	152,6	0.031	0	6	0.00	4828,183	85	67	NA	NA
4	42448633	rs745763505	C	T	-10.0	PASS	true	1	10	.	.	44.77	NA	NA	NA	NA	6.92	C/C	176,0	0.00	0	0	NA	6112,0	66	110	NA	NA	C/T	427,6	0.015	6	0	0.00	13583,188	211	216	NA	NA
4	52896002	rs555514820	G	A	-10.0	PASS	true	1	2	.	.	21.32	NA	NA	NA	NA	92.64	G/G	75,0	0.00	0	0	NA	2729,0	39	36	NA	NA	G/A	112,42	0.271	21	21	0.500	3643,1277	66	46	NA	NA
4	55971037	.	C	A	-10.0	PASS	NA	1	8	.	.	26.65	NA	NA	NA	NA	24.31	C/C	105,1	0.011	1	0	0.00	3700,8	58	47	NA	NA	C/A	89,13	0.133	10	3	0.231	2937,373	44	45	NA	NA
4	73990895	.	A	G	-10.0	PASS	NA	1	4	.	.	29.50	NA	NA	NA	NA	143.92	A/A	111,0	0.00	0	0	NA	3947,0	51	60	NA	NA	A/G	157,51	0.250	18	33	0.647	4905,1790	89	68	NA	NA
4	89618563	.	G	T	-10.0	PASS	NA	1	2	.	.	23.73	NA	NA	NA	NA	24.83	G/G	80,0	0.00	0	0	NA	2760,0	39	41	NA	NA	G/T	97,15	0.130	8	7	0.533	3210,415	55	42	NA	NA
4	119951759	.	C	T	-10.0	PASS	NA	1	19	.	.	78.16	NA	NA	NA	NA	7.85	C/C	292,0	0.00	0	0	NA	10126,0	112	180	NA	NA	C/T	440,6	0.014	3	3	0.500	14127,188	225	215	NA	NA
4	120243381	.	A	AAAATGGGTAAAGACT	-10.0	PASS	NA	2	10	2	2	11.16	NA	NA	NA	NA	8.14	A/A	36,0	0.00	0	0	NA	1278,0	19	17	0|1	120243381_A_AAAATGGGTAAAGACT	A/AAAATGGGTAAAGACT	67,3	0.043	3	0	NA	1999,89	35	32	0|1	120243381_A_AAAATGGGTAAAGACT
4	120243383	.	C	T	-10.0	PASS	NA	2	10	2	2	11.15	NA	NA	NA	NA	8.16	C/C	36,0	0.00	0	0	NA	1262,0	20	16	0|1	120243381_A_AAAATGGGTAAAGACT	C/T	66,3	0.044	3	0	0.00	2311,80	34	32	0|1	120243381_A_AAAATGGGTAAAGACT
4	125590839	.	G	A	-10.0	PASS	NA	1	39	.	.	49.66	NA	NA	NA	NA	7.61	G/G	175,0	0.00	0	0	NA	6478,0	75	100	NA	NA	G/A	219,7	0.029	4	3	0.571	7545,197	114	105	NA	NA
4	156680901	.	C	T	-10.0	PASS	NA	1	2	.	.	9.84	NA	NA	NA	NA	7.64	C/C	38,0	0.00	0	0	NA	1274,0	13	25	NA	NA	C/T	52,5	0.083	3	2	0.400	1685,147	19	33	NA	NA
4	157557837	.	C	A	-10.0	PASS	NA	1	16	.	.	39.43	NA	NA	NA	NA	90.47	C/C	148,0	0.00	0	0	NA	5424,0	65	83	NA	NA	C/A	209,48	0.192	26	22	0.458	7290,1413	113	96	NA	NA
4	190202886	.	G	A	-10.0	PASS	NA	1	1	.	.	4.82	NA	NA	NA	NA	7.09	G/G	17,0	0.00	0	0	NA	601,0	6	11	NA	NA	G/A	16,4	0.176	0	4	0.00	518,101	11	5	NA	NA
5	881242	rs745515259	G	A	-10.0	PASS	true	1	3	.	.	29.75	NA	NA	NA	NA	6.72	G/G	112,0	0.00	0	0	NA	3771,0	56	56	NA	NA	G/A	94,4	0.047	0	4	0.00	2993,118	51	43	NA	NA
5	14508400	rs778582494	G	A	-10.0	PASS	true	1	21	.	.	50.12	NA	NA	NA	NA	6.31	G/G	178,0	0.00	0	0	NA	5946,0	76	102	NA	NA	G/A	171,6	0.025	0	6	0.00	5294,189	94	77	NA	NA
5	26890594	.	C	A	-10.0	PASS	NA	1	2	.	.	27.39	NA	NA	NA	NA	13.76	C/C	102,0	0.00	0	0	NA	3714,0	46	56	NA	NA	C/A	108,10	0.073	3	7	0.700	3784,303	65	43	NA	NA
5	33984527	rs202111567	C	T	-10.0	PASS	true	1	6	.	.	19.56	NA	NA	NA	NA	16.49	C/C	72,0	0.00	0	0	NA	2524,0	43	29	NA	NA	C/T	66,9	0.123	4	5	0.556	2052,260	29	37	NA	NA
5	52218660	rs372588323	C	T	-10.0	PASS	true	1	22	.	.	53.27	NA	NA	NA	NA	17.10	C/C	203,0	0.00	0	0	NA	6893,0	81	122	NA	NA	C/T	269,10	0.039	7	3	0.300	8573,326	156	113	NA	NA
5	55247526	rs148964955	G	A	-10.0	PASS	true	1	8	.	.	15.95	NA	NA	NA	NA	6.89	G/G	53,0	0.00	0	0	NA	1973,0	18	35	NA	NA	G/A	61,4	0.062	1	3	0.250	2027,115	30	31	NA	NA
5	66479497	.	G	A	-10.0	PASS	NA	1	19	.	.	48.15	NA	NA	NA	NA	6.59	G/G	182,1	5.747e-03	0	1	0.00	6592,37	76	106	NA	NA	G/A	207,6	0.027	1	5	0.167	7121,179	93	114	NA	NA
5	75505505	.	G	A	-10.0	PASS	NA	1	8	.	.	18.01	NA	NA	NA	NA	23.44	G/G	63,0	0.00	0	0	NA	2118,0	30	33	NA	NA	G/A	84,12	0.127	9	3	0.750	2672,376	41	43	NA	NA
5	78586972	.	A	G	-10.0	PASS	NA	1	8	.	.	17.11	NA	NA	NA	NA	15.54	A/A	60,0	0.00	0	0	NA	2164,0	27	33	NA	NA	A/G	155,9	0.051	6	3	0.333	4756,307	66	89	NA	NA
5	95011265	rs369357734	G	A	-10.0	PASS	true	1	6	.	.	65.22	NA	NA	NA	NA	6.64	G/G	244,0	0.00	0	0	NA	8659,0	110	134	NA	NA	G/A	405,6	0.015	0	6	0.00	13209,186	210	195	NA	NA
5	112174631	rs121913331	C	T	-10.0	PASS	true	1	22	.	.	30.00	NA	NA	NA	NA	79.97	C/C	112,0	0.00	0	0	NA	3909,0	50	62	NA	NA	C/T	123,33	0.220	10	23	0.697	3940,1034	54	69	NA	NA
5	140012197	rs372280584	C	T	-10.0	PASS	true	1	1	.	.	52.02	NA	NA	NA	NA	7.51	C/C	186,0	0.00	0	0	NA	6628,0	92	94	NA	NA	C/T	211,5	0.028	4	1	0.200	7209,150	102	109	NA	NA
5	140250776	.	C	T	-10.0	PASS	NA	1	4	.	.	17.76	NA	NA	NA	NA	34.61	C/C	60,0	0.00	0	0	NA	2057,0	21	39	NA	NA	C/T	48,15	0.230	11	4	0.267	1495,451	24	24	NA	NA
5	141335703	rs867546656	C	T	-10.0	PASS	true	1	1	.	.	21.62	NA	NA	NA	NA	27.32	C/C	79,0	0.00	0	0	NA	2727,0	27	52	NA	NA	C/T	68,14	0.169	10	4	0.286	2166,417	38	30	NA	NA
5	145640616	.	G	A	-10.0	PASS	NA	1	1	.	.	6.27	NA	NA	NA	NA	6.98	G/G	21,0	0.00	0	0	NA	764,0	13	8	NA	NA	G/A	10,3	0.231	2	1	0.667	323,86	9	1	NA	NA
5	156525920	rs779116887	AAGAG	A	-10.0	PASS	true	1	2	.	.	10.29	NA	11,9	AG	true	8.77	AAGAG/AAGAG	38,0	0.00	0	0	NA	1341,0	9	28	NA	NA	AAGAG/A	50,4	0.070	3	0	NA	1467,93	23	25	NA	NA
5	176025085	rs763831948	G	A	-10.0	PASS	true	1	12	.	.	53.57	NA	NA	NA	NA	6.71	G/G	201,0	0.00	0	0	NA	6917,0	82	119	NA	NA	G/A	153,6	0.031	0	6	0.00	4932,183	73	80	NA	NA
6	656440	.	C	T	-10.0	PASS	NA	1	6	.	.	24.98	NA	NA	NA	NA	6.33	C/C	87,0	0.00	0	0	NA	3004,0	37	50	NA	NA	C/T	135,6	0.038	6	0	0.00	4236,179	78	57	NA	NA
6	7393449	rs368069269	TGAC	T	-10.0	PASS	true	1	4	.	.	15.88	NA	NA	NA	NA	7.82	TGAC/TGAC	54,0	0.00	0	0	NA	1935,0	22	32	NA	NA	TGAC/T	100,3	0.034	0	3	NA	2934,88	51	49	NA	NA
6	24720042	.	C	T	-10.0	PASS	NA	1	30	.	.	6.92	NA	NA	NA	NA	8.47	C/C	25,0	0.00	0	0	NA	906,0	7	18	NA	NA	C/T	105,5	0.054	3	2	0.400	3535,146	59	46	NA	NA
6	28134414	.	G	A	-10.0	PASS	NA	1	1	.	.	21.02	NA	NA	NA	NA	39.67	G/G	76,0	0.00	0	0	NA	2752,0	35	41	NA	NA	G/A	95,17	0.158	13	4	0.765	3325,543	33	62	NA	NA
6	30520253	rs545644145	C	T	-10.0	PASS	true	1	2	.	.	15.05	NA	NA	NA	NA	7.62	C/C	59,0	0.00	0	0	NA	2044,0	16	43	NA	NA	C/T	64,4	0.074	3	1	0.250	2034,119	30	34	NA	NA
6	33748185	rs778921444	G	A	-10.0	PASS	true	1	1	.	.	6.92	NA	NA	NA	NA	7.41	G/G	23,0	0.00	0	0	NA	820,0	11	12	NA	NA	G/A	15,3	0.167	1	2	0.333	501,95	8	7	NA	NA
6	70850662	.	T	C	-10.0	PASS	NA	1	1	.	.	7.22	NA	NA	NA	NA	32.44	T/T	24,0	0.00	0	0	NA	814,0	11	13	NA	NA	T/C	32,11	0.256	6	5	0.545	849,378	10	22	NA	NA
6	76023074	rs756361284	C	T	-10.0	PASS	true	1	2	.	.	39.12	NA	NA	NA	NA	6.98	C/C	138,0	0.00	0	0	NA	4733,0	54	84	NA	NA	C/T	169,4	0.028	4	0	0.00	5497,130	91	78	NA	NA
6	84911658	.	C	A	-10.0	PASS	NA	1	1	.	.	11.74	NA	NA	NA	NA	6.65	C/C	39,0	0.00	0	0	NA	1467,0	10	29	NA	NA	C/A	50,4	0.083	2	2	0.500	1737,107	27	23	NA	NA
6	152805940	.	C	T	-10.0	PASS	NA	1	1	.	.	12.04	NA	NA	NA	NA	22.71	C/C	43,0	0.00	0	0	NA	1567,0	10	33	NA	NA	C/T	41,11	0.204	3	8	0.727	1418,316	18	23	NA	NA
6	167570908	rs762054554	C	T	-10.0	PASS	true	1	1	.	.	9.03	NA	NA	NA	NA	15.00	C/C	32,0	0.00	0	0	NA	1092,0	14	18	NA	NA	C/T	34,6	0.171	0	6	1.00	1067,191	17	17	NA	NA
7	6031648	rs116314131	C	T	-10.0	PASS	true	1	60	.	.	19.22	NA	NA	NA	NA	7.11	C/C	71,0	0.00	0	0	NA	2495,0	26	45	NA	NA	C/T	162,4	0.028	3	1	0.250	5372,121	82	80	NA	NA
7	7677634	rs766206662	G	A	-10.0	PASS	true	2	2	1	1	37.98	NA	NA	NA	NA	6.79	G/G	138,0	0.00	0	0	NA	5041,0	52	86	0|1	7677634_G_A	G/A	219,3	0.016	3	0	1.00	7312,85	125	94	0|1	7677634_G_A
7	7677635	.	A	AATAAAGCATTCTAG	-10.0	PASS	NA	2	2	1	1	38.26	NA	NA	NA	NA	6.78	A/A	137,0	0.00	0	0	NA	5039,0	52	85	0|1	7677634_G_A	A/AATAAAGCATTCTAG	216,3	0.016	3	0	NA	6397,85	122	94	0|1	7677634_G_A
7	9766827	.	G	A	-10.0	PASS	NA	1	1	.	.	6.62	NA	NA	NA	NA	9.48	G/G	25,0	0.00	0	0	NA	792,0	18	7	NA	NA	G/A	15,4	0.211	2	2	0.500	449,118	4	11	NA	NA
7	21943796	.	C	T	-10.0	PASS	NA	1	16	.	.	35.21	NA	NA	NA	NA	6.39	C/C	140,0	0.00	0	0	NA	5085,0	66	74	NA	NA	C/T	257,5	0.020	3	2	0.400	8738,158	147	110	NA	NA
7	27797690	.	G	C	-10.0	PASS	NA	1	6	.	.	28.29	NA	NA	NA	NA	7.17	G/G	106,0	0.00	0	0	NA	3887,0	41	65	NA	NA	G/C	177,4	0.026	2	2	0.500	6096,133	98	79	NA	NA
7	35414613	.	G	A	-10.0	PASS	NA	1	15	.	.	26.78	NA	NA	NA	NA	28.29	G/G	97,0	0.00	0	0	NA	3367,0	45	52	NA	NA	G/A	97,17	0.146	11	6	0.647	3084,478	50	47	NA	NA
7	45717702	.	C	T	-10.0	PASS	NA	1	24	.	.	27.69	NA	NA	NA	NA	66.62	C/C	99,0	0.00	0	0	NA	3489,0	41	58	NA	NA	C/T	90,31	0.248	16	15	0.484	2909,907	44	46	NA	NA
7	64275282	rs796517002	TGC	T	-10.0	PASS	true	1	4	.	.	12.93	NA	NA	NA	NA	6.62	TGC/TGC	44,0	0.00	0	0	NA	1545,0	25	19	NA	NA	TGC/T	143,5	0.032	1	4	NA	4130,146	78	65	NA	NA
7	65893164	rs745828233	C	T	-10.0	PASS	true	1	1	.	.	9.03	NA	NA	NA	NA	6.50	C/C	30,0	0.00	0	0	NA	972,0	19	11	NA	NA	C/T	28,3	0.100	3	0	0.00	865,93	17	11	NA	NA
7	87765324	.	G	A	-10.0	PASS	NA	1	4	.	.	25.28	NA	NA	NA	NA	6.34	G/G	96,0	0.00	0	0	NA	3296,0	35	61	NA	NA	G/A	203,4	0.023	0	4	0.00	6511,127	87	116	NA	NA
7	96125581	.	C	T	-10.0	PASS	NA	1	1	.	.	8.43	NA	NA	NA	NA	28.49	C/C	29,0	0.00	0	0	NA	1048,0	10	19	NA	NA	C/T	66,15	0.182	11	4	0.267	2265,461	27	39	NA	NA
7	98655233	rs868322326	T	G	-10.0	PASS	true	1	2	.	.	7.35	NA	NA	NA	NA	15.70	T/T	23,0	0.00	0	0	NA	833,0	6	17	NA	NA	T/G	26,13	0.308	3	10	0.231	813,441	12	14	NA	NA
7	98991548	.	T	C	-10.0	PASS	NA	1	46	.	.	18.31	NA	NA	NA	NA	51.13	T/T	63,0	0.00	0	0	NA	2273,0	31	32	NA	NA	T/C	37,18	0.333	10	8	0.556	1110,604	20	17	NA	NA
7	99526578	.	C	T	-10.0	PASS	NA	1	35	.	.	24.98	NA	NA	NA	NA	18.59	C/C	90,0	0.00	0	0	NA	3211,0	36	54	NA	NA	C/T	144,10	0.076	6	4	0.400	4788,293	75	69	NA	NA
7	100029103	.	C	T	-10.0	PASS	NA	1	12	.	.	39.03	NA	NA	NA	NA	8.14	C/C	143,0	0.00	0	0	NA	4807,0	59	84	NA	NA	C/T	200,6	0.030	6	0	0.00	6406,186	106	94	NA	NA
7	100775260	rs138796302	G	A	-10.0	PASS	true	1	2	.	.	10.83	NA	NA	NA	NA	10.50	G/G	39,0	0.00	0	0	NA	1338,0	14	25	NA	NA	G/A	46,6	0.122	0	6	0.00	1404,178	28	18	NA	NA
7	121965514	.	A	C	-10.0	PASS	NA	1	24	.	.	19.56	NA	NA	NA	NA	36.90	A/A	67,0	0.00	0	0	NA	2419,0	40	27	NA	NA	A/C	85,14	0.156	7	7	0.500	2506,471	50	35	NA	NA
7	148787495	.	G	A	-10.0	PASS	NA	1	1	.	.	6.27	NA	NA	NA	NA	22.81	G/G	21,0	0.00	0	0	NA	659,0	8	13	NA	NA	G/A	24,9	0.290	6	3	0.667	711,267	8	16	NA	NA
7	151874837	rs145370442	G	A	-10.0	PASS	true	1	29	.	.	27.69	NA	NA	NA	NA	7.36	G/G	95,0	0.00	0	0	NA	3331,0	40	55	NA	NA	G/A	203,6	0.027	0	6	0.00	6560,181	101	102	NA	NA
8	1581099	.	G	A	-10.0	PASS	NA	1	9	.	.	43.75	NA	NA	NA	NA	54.38	G/G	175,0	0.00	0	0	NA	5843,0	81	94	NA	NA	G/A	199,30	0.133	14	16	0.467	6281,913	103	96	NA	NA
8	3019532	.	G	C	-10.0	PASS	NA	1	1	.	.	5.07	NA	NA	NA	NA	20.37	G/G	17,0	0.00	0	0	NA	602,0	8	9	NA	NA	G/C	5,6	0.545	2	4	0.333	180,208	4	1	NA	NA
8	12878609	rs373979768	G	A	-10.0	PASS	true	1	8	.	.	17.76	NA	NA	NA	NA	24.88	G/G	64,0	0.00	0	0	NA	2198,0	30	34	NA	NA	G/A	86,12	0.147	6	6	0.500	2759,361	34	52	NA	NA
8	24813640	.	G	A	-10.0	PASS	NA	1	4	.	.	21.88	NA	NA	NA	NA	15.00	G/G	78,0	0.00	0	0	NA	2619,0	38	40	NA	NA	G/A	62,7	0.115	3	4	0.429	1954,211	26	36	NA	NA
8	25194059	.	G	T	-10.0	PASS	NA	1	1	.	.	7.83	NA	NA	NA	NA	12.65	G/G	26,0	0.00	0	0	NA	966,0	13	13	NA	NA	G/T	21,6	0.222	3	3	0.500	694,160	13	8	NA	NA
8	28575380	rs770098386	C	T	-10.0	PASS	true	1	16	.	.	48.15	NA	NA	NA	NA	6.45	C/C	172,0	0.00	0	0	NA	5838,0	78	94	NA	NA	C/T	159,5	0.029	5	0	0.00	5122,154	89	70	NA	NA
8	47753846	.	C	A	-10.0	PASS	NA	1	1	.	.	9.03	NA	NA	NA	NA	13.55	C/C	30,0	0.00	0	0	NA	1059,0	14	16	NA	NA	C/A	43,6	0.122	0	6	1.00	1441,186	19	24	NA	NA
8	56048000	.	G	T	-10.0	PASS	NA	1	1	.	.	9.93	NA	NA	NA	NA	12.85	G/G	33,0	0.00	0	0	NA	1223,0	11	22	NA	NA	G/T	35,6	0.146	3	3	0.500	1260,174	18	17	NA	NA
8	67488139	.	T	A	-10.0	PASS	NA	1	1	.	.	3.01	NA	NA	NA	NA	12.13	T/T	10,0	0.00	0	0	NA	353,0	3	7	NA	NA	T/A	14,5	0.263	1	4	0.200	411,145	5	9	NA	NA
8	75227859	.	G	A	-10.0	PASS	NA	1	1	.	.	12.94	NA	NA	NA	NA	16.33	G/G	46,0	0.00	0	0	NA	1677,0	10	36	NA	NA	G/A	33,7	0.200	4	3	0.571	1142,206	20	13	NA	NA
8	110588045	.	T	C	-10.0	PASS	NA	1	16	.	.	33.62	NA	NA	NA	NA	124.40	T/T	124,0	0.00	0	0	NA	4341,0	59	65	NA	NA	T/C	174,52	0.238	26	26	0.500	5091,1751	94	80	NA	NA
8	131127852	rs577418517	C	T	-10.0	PASS	true	1	24	.	.	21.07	NA	NA	NA	NA	7.37	C/C	73,0	0.00	0	0	NA	2654,0	26	47	NA	NA	C/T	92,5	0.046	4	1	0.200	2963,158	31	61	NA	NA
8	133051526	rs185963784	G	A	-10.0	PASS	true	1	4	.	.	5.72	NA	NA	NA	NA	7.11	G/G	19,0	0.00	0	0	NA	686,0	10	9	NA	NA	G/A	15,3	0.167	2	1	0.667	491,92	8	7	NA	NA
8	140631117	.	G	A	-10.0	PASS	NA	1	26	.	.	32.20	NA	NA	NA	NA	42.13	G/G	123,0	0.00	0	0	NA	4267,0	47	76	NA	NA	G/A	133,24	0.148	14	10	0.583	4171,704	65	68	NA	NA
8	144808904	.	G	A	-10.0	PASS	NA	1	2	.	.	42.08	NA	NA	NA	NA	6.42	G/G	152,0	0.00	0	0	NA	5173,0	57	95	NA	NA	G/A	77,4	0.044	0	4	0.00	2495,124	41	36	NA	NA
9	14756454	rs557542014	GA	G	-10.0	PASS	true	1	9	.	.	13.73	NA	9,8	A	true	54.92	GA/GA	63,1	0.018	0	1	NA	2310,36	25	38	NA	NA	GA/G	117,57	0.325	28	29	NA	3898,1882	44	73	NA	NA
9	73028000	.	C	T	-10.0	PASS	NA	1	63	.	.	28.24	NA	NA	NA	NA	6.51	C/C	99,0	0.00	0	0	NA	3497,0	40	59	NA	NA	C/T	291,5	0.019	0	5	1.00	9771,149	149	142	NA	NA
9	99160637	rs766357375	C	T	-10.0	PASS	true	1	4	.	.	12.94	NA	NA	NA	NA	8.79	C/C	44,0	0.00	0	0	NA	1456,0	20	24	NA	NA	C/T	119,6	0.042	3	3	0.500	3686,184	57	62	NA	NA
9	123526722	.	C	T	-10.0	PASS	NA	1	1	.	.	4.47	NA	NA	NA	NA	15.95	C/C	15,0	0.00	0	0	NA	507,0	8	7	NA	NA	C/T	6,6	0.500	3	3	0.500	209,167	3	3	NA	NA
9	125673466	rs369686721	C	T	-10.0	PASS	true	1	4	.	.	58.51	NA	NA	NA	NA	6.41	C/C	209,0	0.00	0	0	NA	7509,0	88	121	NA	NA	C/T	298,5	0.019	1	4	0.800	10161,151	153	145	NA	NA
9	128001009	.	G	A	-10.0	PASS	NA	1	1	.	.	31.60	NA	NA	NA	NA	6.87	G/G	115,0	0.00	0	0	NA	3872,0	49	66	NA	NA	G/A	213,6	0.027	1	5	0.167	6541,175	102	111	NA	NA
9	136230467	.	C	T	-10.0	PASS	NA	1	4	.	.	30.05	NA	NA	NA	NA	6.73	C/C	105,0	0.00	0	0	NA	3630,0	43	62	NA	NA	C/T	107,4	0.040	3	1	0.250	3343,121	57	50	NA	NA
9	137702117	rs368305377	C	T	-10.0	PASS	true	1	16	.	.	25.35	NA	NA	NA	NA	14.46	C/C	98,0	0.00	0	0	NA	3259,0	53	45	NA	NA	C/T	67,7	0.109	4	3	0.429	2081,207	32	35	NA	NA
9	139694460	.	C	T	-10.0	PASS	NA	1	4	.	.	20.46	NA	NA	NA	NA	6.85	C/C	73,0	0.00	0	0	NA	2460,0	25	48	NA	NA	C/T	88,4	0.049	4	0	0.00	2812,119	37	51	NA	NA
10	12199940	rs760494694	C	T	-10.0	PASS	true	1	8	.	.	23.17	NA	NA	NA	NA	6.81	C/C	82,0	0.00	0	0	NA	2861,0	32	50	NA	NA	C/T	133,4	0.033	1	3	0.750	4288,125	76	57	NA	NA
10	27512352	.	T	TGATATATTATGCACATATTAATA	-10.0	PASS	NA	1	24	.	.	21.40	NA	NA	NA	NA	7.36	T/T	79,0	0.00	0	0	NA	2840,0	26	53	NA	NA	T/TGATATATTATGCACATATTAATA	157,3	0.024	3	0	NA	4930,93	88	69	NA	NA
10	43882915	.	C	T	-10.0	PASS	NA	1	9	.	.	22.52	NA	NA	NA	NA	7.25	C/C	76,0	0.00	0	0	NA	2582,0	37	39	NA	NA	C/T	92,4	0.043	3	1	0.250	2938,125	42	50	NA	NA
10	50082924	rs563874845	G	GT	-10.0	PASS	true	1	36	.	.	10.20	NA	6,7	T	true	9.30	G/G	34,0	0.00	0	0	NA	1180,0	11	23	NA	NA	G/GT	26,7	0.212	2	5	NA	892,229	12	14	NA	NA
10	70405153	rs765482801	G	A	-10.0	PASS	true	1	8	.	.	24.68	NA	NA	NA	NA	7.02	G/G	88,0	0.00	0	0	NA	3262,0	26	62	NA	NA	G/A	124,3	0.035	1	2	0.333	4352,83	55	69	NA	NA
10	88678938	.	C	T	-10.0	PASS	NA	1	2	.	.	33.61	NA	NA	NA	NA	7.56	C/C	130,0	0.00	0	0	NA	4383,0	55	75	NA	NA	C/T	241,9	0.024	7	2	0.222	7843,275	126	115	NA	NA
10	101953839	.	C	T	-10.0	PASS	NA	1	82	.	.	47.21	NA	NA	NA	NA	73.94	C/C	170,0	0.00	0	0	NA	6132,0	64	106	NA	NA	C/T	188,38	0.172	22	16	0.421	6370,1130	91	97	NA	NA
10	105821164	rs377503745	G	A	-10.0	PASS	true	1	6	.	.	7.82	NA	NA	NA	NA	12.47	G/G	28,0	0.00	0	0	NA	934,0	10	18	NA	NA	G/A	27,7	0.185	2	5	0.286	870,219	12	15	NA	NA
11	379902	rs761780147	C	T	-10.0	PASS	true	1	25	.	.	35.42	NA	NA	NA	NA	6.62	C/C	126,0	0.00	0	0	NA	4268,0	63	63	NA	NA	C/T	70,5	0.063	1	4	0.800	2280,138	35	35	NA	NA
11	9457830	.	G	A	-10.0	PASS	NA	1	8	.	.	15.35	NA	NA	NA	NA	7.17	G/G	56,0	0.00	0	0	NA	2039,0	22	34	NA	NA	G/A	120,6	0.039	0	6	0.00	4194,187	56	64	NA	NA
11	34978955	rs773313977	C	T	-10.0	PASS	true	1	13	.	.	28.29	NA	NA	NA	NA	6.48	C/C	99,0	0.00	0	0	NA	3597,0	40	59	NA	NA	C/T	105,5	0.041	5	0	0.00	3464,150	51	54	NA	NA
11	35456089	rs751629158	G	A	-10.0	PASS	true	1	2	.	.	20.16	NA	NA	NA	NA	19.85	G/G	77,0	0.00	0	0	NA	2607,0	29	48	NA	NA	G/A	76,10	0.120	4	6	0.400	2432,307	39	37	NA	NA
11	47739004	.	C	T	-10.0	PASS	NA	1	1	.	.	12.60	NA	NA	NA	NA	27.43	C/C	45,0	0.00	0	0	NA	1663,0	15	30	NA	NA	C/T	66,16	0.185	8	8	0.500	2296,470	23	43	NA	NA
11	48987902	.	C	A	-10.0	PASS	NA	1	2	.	.	4.21	NA	NA	NA	NA	9.86	C/C	17,0	0.00	0	0	NA	647,0	11	6	NA	NA	C/A	21,4	0.200	3	1	0.250	744,123	11	10	NA	NA
11	59712720	.	C	T	-10.0	PASS	NA	1	2	.	.	16.25	NA	NA	NA	NA	40.78	C/C	61,0	0.00	0	0	NA	2230,0	26	35	NA	NA	C/T	92,23	0.194	7	16	0.696	3124,679	46	46	NA	NA
11	59950630	.	T	G	-10.0	PASS	NA	1	4	.	.	39.98	NA	NA	NA	NA	97.19	T/T	150,0	0.00	0	0	NA	5278,0	65	85	NA	NA	T/G	161,43	0.200	25	18	0.581	4804,1424	90	71	NA	NA
11	70505992	.	C	T	-10.0	PASS	NA	1	2	.	.	17.11	NA	NA	NA	NA	7.74	C/C	65,0	0.00	0	0	NA	2224,0	31	34	NA	NA	C/T	46,5	0.093	5	0	0.00	1441,143	18	28	NA	NA
11	71628681	rs370158087	C	T	-10.0	PASS	true	1	10	.	.	34.31	NA	NA	NA	NA	6.44	C/C	127,0	0.00	0	0	NA	4415,0	52	75	NA	NA	C/T	160,6	0.032	5	1	0.167	5103,168	92	68	NA	NA
11	86544151	.	C	T	-10.0	PASS	NA	1	2	.	.	4.21	NA	NA	NA	NA	16.90	C/C	14,0	0.00	0	0	NA	527,0	6	8	NA	NA	C/T	17,7	0.304	3	4	0.571	558,197	12	5	NA	NA
11	89581527	.	T	A	-10.0	PASS	NA	1	1	.	.	6.27	NA	NA	NA	NA	12.26	T/T	21,0	0.00	0	0	NA	731,0	10	11	NA	NA	T/A	29,6	0.182	4	2	0.667	906,176	16	13	NA	NA
11	94335000	.	C	T	-10.0	PASS	NA	1	4	.	.	25.58	NA	NA	NA	NA	8.14	C/C	91,0	0.00	0	0	NA	3297,0	27	64	NA	NA	C/T	177,6	0.033	6	0	0.00	5769,183	85	92	NA	NA
11	100996886	.	C	T	-10.0	PASS	NA	1	16	.	.	40.58	NA	NA	NA	NA	6.35	C/C	143,0	0.00	0	0	NA	4886,0	59	84	NA	NA	C/T	163,4	0.029	4	0	0.00	5257,123	73	90	NA	NA
11	105880478	rs374386691	C	T	-10.0	PASS	true	1	30	.	.	51.37	NA	NA	NA	NA	6.99	C/C	193,0	0.00	0	0	NA	6610,0	73	120	NA	NA	C/T	289,5	0.019	4	1	0.200	9294,153	164	125	NA	NA
11	118947667	.	T	C	-10.0	PASS	NA	1	8	.	.	20.46	NA	NA	NA	NA	14.88	T/T	78,0	0.00	0	0	NA	2753,0	28	50	NA	NA	T/C	54,7	0.107	4	3	0.571	1616,236	31	23	NA	NA
11	120300152	.	G	T	-10.0	PASS	NA	1	1	.	.	8.43	NA	NA	NA	NA	25.32	G/G	31,0	0.00	0	0	NA	1110,0	14	17	NA	NA	G/T	45,11	0.216	7	4	0.636	1482,316	20	25	NA	NA
11	123814011	rs140103246	G	A	-10.0	PASS	true	1	6	.	.	21.67	NA	NA	NA	NA	6.81	G/G	79,0	0.00	0	0	NA	2707,0	34	45	NA	NA	G/A	115,5	0.040	0	5	0.00	3721,152	43	72	NA	NA
11	130775952	rs749855398	G	T	-10.0	PASS	true	1	4	.	.	13.80	NA	NA	NA	NA	12.67	G/G	48,0	0.00	0	0	NA	1731,0	16	32	NA	NA	G/T	82,8	0.081	4	4	0.500	2779,236	50	32	NA	NA
11	132307151	.	G	A	-10.0	PASS	NA	1	2	.	.	11.04	NA	NA	NA	NA	7.77	G/G	40,0	0.00	0	0	NA	1288,0	17	23	NA	NA	G/A	41,4	0.095	3	1	0.750	1295,116	21	20	NA	NA
12	7047945	.	G	A	-10.0	PASS	NA	1	18	.	.	43.84	NA	NA	NA	NA	6.46	G/G	164,0	0.00	0	0	NA	5651,0	77	87	NA	NA	G/A	217,6	0.021	0	6	0.00	6894,178	123	94	NA	NA
12	13716526	rs199834850	G	A	-10.0	PASS	true	1	6	.	.	39.13	NA	NA	NA	NA	6.90	G/G	147,0	0.00	0	0	NA	5167,0	69	78	NA	NA	G/A	100,4	0.047	0	4	0.00	3276,120	62	38	NA	NA
12	21918737	rs759608757	G	A	-10.0	PASS	true	1	2	.	.	23.43	NA	NA	NA	NA	6.48	G/G	83,0	0.00	0	0	NA	2833,0	37	46	NA	NA	G/A	83,5	0.049	2	3	0.400	2668,135	46	37	NA	NA
12	25398284	rs121913529	C	T	-10.0	PASS	true	1	4	.	.	16.85	NA	NA	NA	NA	83.47	C/C	58,0	0.00	0	0	NA	2089,0	20	38	NA	NA	C/T	100,40	0.286	21	19	0.475	3395,1166	49	51	NA	NA
12	43748094	.	G	T	-10.0	PASS	NA	1	2	.	.	28.50	NA	NA	NA	NA	13.94	G/G	107,0	0.00	0	0	NA	3925,0	43	64	NA	NA	G/T	137,8	0.058	4	4	0.500	4702,251	63	74	NA	NA
12	46592723	.	A	ATATCAGAGTAAAGAT	-10.0	PASS	NA	1	1	.	.	2.41	NA	NA	NA	NA	6.50	A/A	8,0	0.00	0	0	NA	264,0	5	3	NA	NA	A/ATATCAGAGTAAAGAT	12,2	0.143	2	0	NA	364,58	9	3	NA	NA
12	70953189	rs111874833	C	T	-10.0	PASS	true	1	16	.	.	35.51	NA	NA	NA	NA	61.60	C/C	128,0	0.00	0	0	NA	4470,0	47	81	NA	NA	C/T	207,34	0.144	16	18	0.529	6781,1009	113	94	NA	NA
12	76424933	rs762049378	GC	G	-10.0	PASS	true	2	42	2	2	23.14	NA	NA	NA	NA	7.43	GC/GC	79,0	0.00	0	0	NA	2827,0	39	40	0|1	76424933_GC_G	GC/G	120,3	0.026	3	0	NA	4053,98	78	42	0|1	76424933_GC_G
12	76424935	rs763500161	TGTTGC	T	-10.0	PASS	true	2	42	2	2	23.13	NA	NA	NA	NA	7.43	TGTTGC/TGTTGC	77,0	0.00	0	0	NA	2769,0	37	40	0|1	76424933_GC_G	TGTTGC/T	119,3	0.026	3	0	NA	3623,94	77	42	0|1	76424933_GC_G
12	78400622	.	C	T	-10.0	PASS	NA	1	12	.	.	39.94	NA	NA	NA	NA	10.63	C/C	149,0	0.00	0	0	NA	5470,0	50	99	NA	NA	C/T	231,9	0.035	3	6	0.667	7918,265	112	119	NA	NA
12	93518200	.	G	A	-10.0	PASS	NA	1	4	.	.	11.74	NA	NA	NA	NA	22.88	G/G	41,0	0.00	0	0	NA	1536,0	23	18	NA	NA	G/A	96,12	0.118	8	4	0.667	3310,353	57	39	NA	NA
12	102155174	rs746498341	G	A	-10.0	PASS	true	1	17	.	.	23.68	NA	NA	NA	NA	13.87	G/G	80,0	0.00	0	0	NA	2807,0	35	45	NA	NA	G/A	96,8	0.071	2	6	0.250	3186,245	46	50	NA	NA
12	104681127	.	A	G	-10.0	PASS	NA	1	103	.	.	28.24	NA	NA	NA	NA	168.40	A/A	103,0	0.00	0	0	NA	3593,0	47	56	NA	NA	A/G	189,69	0.279	38	31	0.449	5413,2237	82	107	NA	NA
12	109831300	.	C	T	-10.0	PASS	NA	1	37	.	.	37.02	NA	NA	NA	NA	151.61	C/C	134,0	0.00	0	0	NA	4848,0	57	77	NA	NA	C/T	156,64	0.302	33	31	0.484	5409,1994	92	64	NA	NA
12	110867063	.	G	A	-10.0	PASS	NA	1	1	.	.	7.22	NA	NA	NA	NA	13.77	G/G	28,0	0.00	0	0	NA	951,0	13	15	NA	NA	G/A	14,7	0.313	5	2	0.714	441,218	6	8	NA	NA
12	122751000	rs371627512	G	A	-10.0	PASS	true	1	18	.	.	27.39	NA	NA	NA	NA	69.07	G/G	97,0	0.00	0	0	NA	3445,0	42	55	NA	NA	G/A	159,38	0.183	17	21	0.447	5049,1118	75	84	NA	NA
13	25466920	.	C	A	-10.0	PASS	NA	1	8	.	.	27.65	NA	NA	NA	NA	6.44	C/C	100,0	0.00	0	0	NA	3744,0	42	58	NA	NA	C/A	200,6	0.032	0	6	1.00	6990,170	112	88	NA	NA
13	38357101	.	C	A	-10.0	PASS	NA	1	24	.	.	10.49	NA	NA	NA	NA	29.78	C/C	36,0	0.00	0	0	NA	1308,0	19	17	NA	NA	C/A	69,13	0.165	7	6	0.462	2280,389	33	36	NA	NA
13	73345052	rs748662879	A	G	-10.0	PASS	true	1	9	.	.	7.22	NA	NA	NA	NA	19.70	A/A	26,0	0.00	0	0	NA	938,0	10	16	NA	NA	A/G	54,8	0.130	4	4	0.500	1711,288	22	32	NA	NA
13	103385744	rs765416723	G	A	-10.0	PASS	true	1	4	.	.	36.67	NA	NA	NA	NA	6.83	G/G	132,0	0.00	0	0	NA	4706,0	63	69	NA	NA	G/A	121,4	0.036	1	3	0.250	3937,124	60	61	NA	NA
14	33293124	.	C	A	-10.0	PASS	NA	1	11	.	.	61.65	NA	NA	NA	NA	20.12	C/C	218,0	0.00	0	0	NA	8000,0	94	124	NA	NA	C/A	259,13	0.049	9	4	0.308	8841,384	115	144	NA	NA
14	59113731	.	C	T	-10.0	PASS	NA	1	10	.	.	29.09	NA	NA	NA	NA	7.43	C/C	108,0	0.00	0	0	NA	3653,0	50	58	NA	NA	C/T	174,6	0.032	6	0	0.00	5684,175	93	81	NA	NA
14	65494362	rs533020225	G	A	-10.0	PASS	true	1	4	.	.	27.99	NA	NA	NA	NA	26.48	G/G	99,0	0.00	0	0	NA	3448,0	36	63	NA	NA	G/A	126,17	0.123	10	7	0.588	4154,459	75	51	NA	NA
14	71063358	rs748035987	G	A	-10.0	PASS	true	1	4	.	.	21.67	NA	NA	NA	NA	8.37	G/G	85,0	0.00	0	0	NA	3068,0	26	59	NA	NA	G/A	143,7	0.040	2	5	0.286	4607,212	66	77	NA	NA
14	102476334	rs767258854	C	T	-10.0	PASS	true	1	14	.	.	31.30	NA	NA	NA	NA	6.40	C/C	117,0	0.00	0	0	NA	4022,0	51	66	NA	NA	C/T	151,4	0.030	4	0	0.00	4803,123	73	78	NA	NA
14	104618547	rs754908945	G	A	-10.0	PASS	true	1	1	.	.	13.75	NA	NA	NA	NA	6.97	G/G	48,0	0.00	0	0	NA	1457,0	13	35	NA	NA	G/A	14,4	0.200	0	4	0.00	430,115	6	8	NA	NA
14	105246551	rs121434592	C	T	-10.0	PASS	true	1	4	.	.	15.60	NA	NA	NA	NA	11.14	C/C	59,0	0.00	0	0	NA	2139,0	27	32	NA	NA	C/T	43,6	0.119	2	4	0.667	1374,182	28	15	NA	NA
15	23812131	.	G	T	-10.0	PASS	NA	1	1	.	.	19.86	NA	NA	NA	NA	25.20	G/G	67,0	0.00	0	0	NA	2435,0	27	40	NA	NA	G/T	45,11	0.208	4	7	0.364	1563,317	25	20	NA	NA
15	28200211	.	C	T	-10.0	PASS	NA	1	1	.	.	21.67	NA	NA	NA	NA	8.59	C/C	77,0	0.00	0	0	NA	2780,0	32	45	NA	NA	C/T	78,5	0.068	4	1	0.200	2609,141	30	48	NA	NA
15	29526834	.	C	A	-10.0	PASS	NA	1	2	.	.	5.07	NA	NA	NA	NA	21.38	C/C	17,0	0.00	0	0	NA	603,0	9	8	NA	NA	C/A	11,8	0.421	4	4	0.500	368,232	1	10	NA	NA
15	43708355	.	C	T	-10.0	PASS	NA	1	1	.	.	4.77	NA	NA	NA	NA	8.24	C/C	16,0	0.00	0	0	NA	524,0	5	11	NA	NA	C/T	6,3	0.333	2	1	0.333	195,93	3	3	NA	NA
15	56958657	.	C	T	-10.0	PASS	NA	1	4	.	.	14.40	NA	NA	NA	NA	7.21	C/C	63,0	0.00	0	0	NA	2141,0	21	42	NA	NA	C/T	186,6	0.034	4	2	0.333	6041,175	74	112	NA	NA
15	58983739	.	C	T	-10.0	PASS	NA	1	2	.	.	26.19	NA	NA	NA	NA	7.12	C/C	95,0	0.00	0	0	NA	3578,0	44	51	NA	NA	C/T	158,6	0.035	5	1	0.167	5392,171	82	76	NA	NA
15	65147168	.	T	C	-10.0	PASS	NA	1	2	.	.	13.50	NA	NA	NA	NA	31.89	T/T	52,0	0.00	0	0	NA	1850,0	17	35	NA	NA	T/C	56,13	0.207	9	4	0.692	1642,422	26	30	NA	NA
15	81574893	.	G	T	-10.0	PASS	NA	1	1	.	.	5.07	NA	NA	NA	NA	12.11	G/G	17,0	0.00	0	0	NA	578,0	8	9	NA	NA	G/T	7,5	0.417	3	2	0.600	232,132	6	1	NA	NA
15	84706339	.	G	T	-10.0	PASS	NA	1	1	.	.	4.21	NA	NA	NA	NA	6.93	G/G	14,0	0.00	0	0	NA	539,0	8	6	NA	NA	G/T	8,3	0.273	2	1	0.667	266,83	3	5	NA	NA
15	101094425	.	C	T	-10.0	PASS	NA	1	2	.	.	11.99	NA	NA	NA	NA	6.33	C/C	41,0	0.00	0	0	NA	1414,0	21	20	NA	NA	C/T	17,3	0.158	3	0	0.00	610,85	11	6	NA	NA
16	3170055	rs746491530	C	T	-10.0	PASS	true	1	12	.	.	35.82	NA	NA	NA	NA	60.19	C/C	133,0	0.00	0	0	NA	4750,0	57	76	NA	NA	C/T	76,31	0.281	15	16	0.516	2466,875	34	42	NA	NA
16	3274128	rs770252691	G	A	-10.0	PASS	true	1	1	.	.	51.42	NA	NA	NA	NA	6.98	G/G	179,0	0.00	0	0	NA	6245,0	71	108	NA	NA	G/A	300,6	0.019	0	6	0.00	9697,183	168	132	NA	NA
16	4621524	.	C	T	-10.0	PASS	NA	1	3	.	.	14.45	NA	NA	NA	NA	9.65	C/C	52,0	0.00	0	0	NA	1907,0	20	32	NA	NA	C/T	40,7	0.125	2	5	0.714	1400,201	13	27	NA	NA
16	4625132	rs186761749	G	A	-10.0	PASS	true	1	3	.	.	10.18	NA	NA	NA	NA	6.51	G/G	36,0	0.00	0	0	NA	1179,0	16	20	NA	NA	G/A	41,3	0.075	0	3	0.00	1302,97	21	20	NA	NA
16	4909943	.	G	A	-10.0	PASS	NA	1	1	.	.	21.97	NA	NA	NA	NA	6.96	G/G	79,0	0.00	0	0	NA	2850,0	32	47	NA	NA	G/A	114,4	0.041	0	4	0.00	3721,123	45	69	NA	NA
16	48142538	.	G	A	-10.0	PASS	NA	1	1	.	.	7.22	NA	NA	NA	NA	7.37	G/G	24,0	0.00	0	0	NA	861,0	13	11	NA	NA	G/A	12,3	0.214	3	0	1.00	403,91	7	5	NA	NA
16	56892309	.	G	T	-10.0	PASS	NA	1	1	.	.	7.48	NA	NA	NA	NA	11.57	G/G	26,0	0.00	0	0	NA	945,0	12	14	NA	NA	G/T	18,5	0.227	4	1	0.800	625,143	8	10	NA	NA
16	59785996	.	G	A	-10.0	PASS	NA	1	1	.	.	16.46	NA	NA	NA	NA	16.65	G/G	58,0	0.00	0	0	NA	1963,0	24	34	NA	NA	G/A	33,8	0.194	5	3	0.625	1101,236	18	15	NA	NA
17	9808156	rs774955868	G	A	-10.0	PASS	true	1	1	.	.	10.83	NA	NA	NA	NA	10.99	G/G	39,0	0.00	0	0	NA	1362,0	20	19	NA	NA	G/A	36,5	0.152	2	3	0.400	1160,147	24	12	NA	NA
17	18565806	.	C	T	-10.0	PASS	NA	1	12	.	.	41.53	NA	NA	NA	NA	23.44	C/C	172,0	0.00	0	0	NA	6050,0	87	85	NA	NA	C/T	333,15	0.047	11	4	0.267	10745,446	196	137	NA	NA
17	27493522	rs776205488	C	T	-10.0	PASS	true	1	50	.	.	32.50	NA	NA	NA	NA	6.46	C/C	119,0	0.00	0	0	NA	4199,0	45	74	NA	NA	C/T	92,4	0.047	3	1	0.250	2946,116	49	43	NA	NA
17	28952403	.	G	A	-10.0	PASS	NA	1	1	.	.	34.17	NA	NA	NA	NA	6.52	G/G	126,0	0.00	0	0	NA	4386,0	60	66	NA	NA	G/A	106,5	0.044	1	4	0.200	3476,145	58	48	NA	NA
17	40837038	.	G	A	-10.0	PASS	NA	1	2	.	.	24.89	NA	NA	NA	NA	6.59	G/G	88,0	0.00	0	0	NA	3023,0	36	52	NA	NA	G/A	82,5	0.053	0	5	0.00	2657,144	43	39	NA	NA
17	49059905	.	G	A	-10.0	PASS	NA	1	13	.	.	31.60	NA	NA	NA	NA	9.56	G/G	118,0	0.00	0	0	NA	4189,0	50	68	NA	NA	G/A	184,6	0.037	3	3	0.500	6257,178	81	103	NA	NA
17	51902102	.	G	A	-10.0	PASS	NA	1	4	.	.	31.90	NA	NA	NA	NA	168.90	G/G	118,0	0.00	0	0	NA	4035,0	38	80	NA	NA	G/A	79,69	0.476	30	39	0.435	2587,2089	39	40	NA	NA
17	57272702	.	C	T	-10.0	PASS	NA	1	12	.	.	55.59	NA	NA	NA	NA	6.69	C/C	206,0	0.00	0	0	NA	7410,0	73	133	NA	NA	C/T	314,6	0.019	6	0	0.00	10190,181	147	167	NA	NA
17	57895016	.	T	A	-10.0	PASS	NA	1	1	.	.	2.71	NA	NA	NA	NA	11.03	T/T	9,0	0.00	0	0	NA	334,0	1	8	NA	NA	T/A	28,5	0.152	1	4	0.200	765,149	10	18	NA	NA
17	60023897	rs371011138	G	A	-10.0	PASS	true	1	24	.	.	30.05	NA	NA	NA	NA	6.48	G/G	114,0	0.00	0	0	NA	4012,0	37	77	NA	NA	G/A	267,7	0.023	1	6	0.143	8613,208	114	153	NA	NA
17	62758784	rs113026606	G	A	-10.0	PASS	true	1	2	.	.	36.71	NA	NA	NA	NA	6.79	G/G	130,0	0.00	0	0	NA	4604,0	53	77	NA	NA	G/A	256,7	0.022	1	6	0.143	8196,210	132	124	NA	NA
17	64128900	rs769730548	C	T	-10.0	PASS	true	1	24	.	.	38.52	NA	NA	NA	NA	245.27	C/C	147,0	0.00	0	0	NA	5154,0	64	83	NA	NA	C/T	141,109	0.438	41	68	0.624	4545,3247	62	79	NA	NA
17	65960488	.	G	A	-10.0	PASS	NA	1	11	.	.	21.88	NA	NA	NA	NA	6.90	G/G	81,0	0.00	0	0	NA	3013,0	41	40	NA	NA	G/A	164,5	0.033	4	1	0.800	5517,140	78	86	NA	NA
17	70120016	.	C	T	-10.0	PASS	NA	1	1	.	.	8.03	NA	NA	NA	NA	11.31	C/C	27,0	0.00	0	0	NA	864,0	16	11	NA	NA	C/T	32,6	0.171	5	1	0.167	1097,154	15	17	NA	NA
17	74673895	rs879688065	C	T	-10.0	PASS	true	1	1	.	.	7.17	NA	NA	NA	NA	6.87	C/C	24,0	0.00	0	0	NA	755,0	7	17	NA	NA	C/T	20,3	0.130	1	2	0.667	620,93	10	10	NA	NA
17	79429855	.	C	A	-10.0	PASS	NA	1	2	.	.	17.46	NA	NA	NA	NA	8.98	C/C	63,0	0.00	0	0	NA	2325,0	30	33	NA	NA	C/A	46,6	0.111	2	4	0.667	1529,159	25	21	NA	NA
18	18586513	.	C	T	-10.0	PASS	NA	1	3	.	.	38.18	NA	NA	NA	NA	6.63	C/C	139,0	0.00	0	0	NA	5168,0	52	87	NA	NA	C/T	233,6	0.026	6	0	0.00	8107,171	124	109	NA	NA
18	19996672	rs762667398	C	T	-10.0	PASS	true	1	8	.	.	9.93	NA	NA	NA	NA	32.98	C/C	33,0	0.00	0	0	NA	1214,0	18	15	NA	NA	C/T	34,14	0.295	9	5	0.357	1177,416	25	9	NA	NA
18	21407432	.	G	A	-10.0	PASS	NA	1	8	.	.	7.83	NA	NA	NA	NA	15.00	G/G	27,0	0.00	0	0	NA	988,0	15	12	NA	NA	G/A	34,7	0.179	5	2	0.714	1121,197	21	13	NA	NA
18	44101049	rs571081471	G	GC	-10.0	PASS	true	1	8	.	.	12.27	NA	7,8	C	true	26.43	G/G	43,0	0.00	0	0	NA	1567,0	24	19	NA	NA	G/GC	16,20	0.563	10	10	NA	543,678	6	10	NA	NA
18	48591918	rs80338963	C	T	-10.0	PASS	true	1	2	.	.	19.82	NA	NA	NA	NA	105.47	C/C	74,0	0.00	0	0	NA	2541,0	28	46	NA	NA	C/T	70,45	0.409	25	20	0.444	2210,1361	33	37	NA	NA
18	58039059	.	G	T	-10.0	PASS	NA	1	10	.	.	36.42	NA	NA	NA	NA	10.13	G/G	133,0	0.00	0	0	NA	4902,0	40	93	NA	NA	G/T	191,7	0.040	2	5	0.286	6652,195	81	110	NA	NA
18	60029045	.	T	TAAAGATTCTTTAA	-10.0	PASS	NA	1	26	.	.	26.22	NA	NA	NA	NA	7.52	T/T	95,0	0.00	0	0	NA	3313,0	56	39	NA	NA	T/TAAAGATTCTTTAA	119,3	0.027	3	0	NA	3580,83	60	59	NA	NA
18	67728593	.	G	A	-10.0	PASS	NA	1	4	.	.	27.99	NA	NA	NA	NA	6.41	G/G	109,0	0.00	0	0	NA	3748,0	43	66	NA	NA	G/A	127,4	0.035	1	3	0.250	4138,120	61	66	NA	NA
18	77894778	.	G	C	-10.0	PASS	NA	1	27	.	.	39.98	NA	NA	NA	NA	33.16	G/G	139,0	0.00	0	0	NA	4859,0	46	93	NA	NA	G/C	123,14	0.119	10	4	0.714	3976,457	55	68	NA	NA
19	371152	.	C	T	-10.0	PASS	NA	1	36	.	.	12.64	NA	NA	NA	NA	18.32	C/C	42,0	0.00	0	0	NA	1522,0	18	24	NA	NA	C/T	31,8	0.205	3	5	0.625	1021,231	15	16	NA	NA
19	4502079	rs77573115	C	T	-10.0	PASS	true	1	1	.	.	9.03	NA	NA	NA	NA	6.55	C/C	35,0	0.00	0	0	NA	1284,0	7	28	NA	NA	C/T	26,4	0.120	4	0	0.00	881,122	23	3	NA	NA
19	6714296	rs374584857	G	A	-10.0	PASS	true	1	53	.	.	45.69	NA	NA	NA	NA	8.91	G/G	168,0	0.00	0	0	NA	5843,0	56	112	NA	NA	G/A	107,5	0.049	3	2	0.600	3346,152	46	61	NA	NA
19	9067750	.	A	C	-10.0	PASS	NA	1	1	.	.	18.36	NA	NA	NA	NA	11.77	A/A	64,0	0.00	0	0	NA	2315,0	21	43	NA	NA	A/C	46,5	0.111	4	1	0.200	1412,162	18	28	NA	NA
19	9965044	rs772109316	C	T	-10.0	PASS	true	1	6	.	.	41.53	NA	NA	NA	NA	7.42	C/C	147,0	0.00	0	0	NA	5206,0	64	83	NA	NA	C/T	123,5	0.044	3	2	0.400	3986,139	68	55	NA	NA
19	11024519	rs774195099	G	A	-10.0	PASS	true	1	1	.	.	13.24	NA	NA	NA	NA	23.54	G/G	44,0	0.00	0	0	NA	1458,0	16	28	NA	NA	G/A	23,13	0.333	10	3	0.769	711,359	10	13	NA	NA
19	15350527	rs376162076	G	A	-10.0	PASS	true	1	1	.	.	32.15	NA	NA	NA	NA	6.43	G/G	111,0	0.00	0	0	NA	3836,0	42	69	NA	NA	G/A	64,4	0.063	2	2	0.500	1865,110	28	36	NA	NA
19	15529741	rs118019161	G	A	-10.0	PASS	true	1	1	.	.	17.76	NA	NA	NA	NA	11.16	G/G	63,0	0.00	0	0	NA	2191,0	35	28	NA	NA	G/A	107,8	0.068	7	1	0.875	3504,219	77	30	NA	NA
19	22363413	rs75690456	C	T	-10.0	PASS	true	1	2	.	.	9.03	NA	NA	NA	NA	17.22	C/C	33,0	0.00	0	0	NA	1196,0	21	12	NA	NA	C/T	144,5	0.054	2	3	0.600	4802,133	84	60	NA	NA
19	24115978	rs751357019	G	A	-10.0	PASS	true	1	1	.	.	17.46	NA	NA	NA	NA	15.73	G/G	60,0	0.00	0	0	NA	2081,0	25	35	NA	NA	G/A	174,10	0.056	3	7	0.300	5587,295	71	103	NA	NA
19	33298439	.	G	A	-10.0	PASS	NA	1	40	.	.	25.28	NA	NA	NA	NA	72.88	G/G	94,0	0.00	0	0	NA	3510,0	30	64	NA	NA	G/A	103,34	0.237	16	18	0.471	3629,1051	48	55	NA	NA
19	35773462	.	C	T	-10.0	PASS	NA	1	3	.	.	21.58	NA	NA	NA	NA	6.58	C/C	82,0	0.00	0	0	NA	3033,0	38	44	NA	NA	C/T	73,4	0.065	4	0	0.00	2540,111	34	39	NA	NA
19	41810070	.	C	T	-10.0	PASS	NA	1	22	.	.	17.15	NA	NA	NA	NA	7.18	C/C	59,0	0.00	0	0	NA	2104,0	26	33	NA	NA	C/T	89,4	0.045	3	1	0.250	3000,110	53	36	NA	NA
19	45855794	rs761981570	C	T	-10.0	PASS	true	1	4	.	.	30.65	NA	NA	NA	NA	6.82	C/C	112,0	0.00	0	0	NA	4020,0	45	67	NA	NA	C/T	96,5	0.048	5	0	0.00	3099,149	45	51	NA	NA
19	49016178	.	GACACACAGAGTTGCACACATCACATACCTAAACAGACATGGACACACACATCACAAATACACAC	G	-10.0	PASS	NA	1	1	.	.	3.61	NA	NA	NA	NA	21.46	GACACACAGAGTTGCACACATCACATACCTAAACAGACATGGACACACACATCACAAATACACAC/GACACACAGAGTTGCACACATCACATACCTAAACAGACATGGACACACACATCACAAATACACAC	12,0	0.00	0	0	NA	401,0	5	7	NA	NA	GACACACAGAGTTGCACACATCACATACCTAAACAGACATGGACACACACATCACAAATACACAC/G	16,6	0.273	4	2	NA	505,213	9	7	NA	NA
19	49494509	rs749639909	C	T	-10.0	PASS	true	1	2	.	.	31.55	NA	NA	NA	NA	6.66	C/C	111,0	0.00	0	0	NA	3888,0	44	67	NA	NA	C/T	57,4	0.074	2	2	0.500	1868,110	27	30	NA	NA
19	50098008	.	C	T	-10.0	PASS	NA	1	6	.	.	25.84	NA	NA	NA	NA	6.64	C/C	96,0	0.00	0	0	NA	3437,0	42	54	NA	NA	C/T	123,5	0.038	4	1	0.200	4063,146	69	54	NA	NA
19	53926584	rs546246678	C	T	-10.0	PASS	true	1	2	.	.	12.64	NA	NA	NA	NA	18.70	C/C	46,0	0.00	0	0	NA	1666,0	26	20	NA	NA	C/T	50,9	0.160	6	3	0.333	1601,266	27	23	NA	NA
19	54780453	.	G	T	-10.0	PASS	NA	1	1	.	.	2.71	NA	NA	NA	NA	10.32	G/G	9,0	0.00	0	0	NA	321,0	4	5	NA	NA	G/T	5,4	0.444	2	2	0.500	171,111	3	2	NA	NA
19	55044060	.	AAGGGAAAGGAGGACACGGT	A	-10.0	PASS	NA	1	1	.	.	23.70	NA	NA	NA	NA	14.82	AAGGGAAAGGAGGACACGGT/AAGGGAAAGGAGGACACGGT	85,0	0.00	0	0	NA	2937,0	36	49	NA	NA	AAGGGAAAGGAGGACACGGT/A	67,5	0.076	4	1	NA	1885,143	35	32	NA	NA
19	57023019	.	T	C	-10.0	PASS	NA	1	10	.	.	41.54	NA	NA	NA	NA	44.94	T/T	148,0	0.00	0	0	NA	5185,0	60	88	NA	NA	T/C	177,21	0.108	7	14	0.333	5308,719	92	85	NA	NA
19	58342009	.	T	C	-10.0	PASS	NA	1	1	.	.	21.07	NA	NA	NA	NA	9.03	T/T	75,0	0.00	0	0	NA	2649,0	36	39	NA	NA	T/C	87,4	0.051	3	1	0.750	2676,140	41	46	NA	NA
19	58385762	rs199732634	C	G	-10.0	PASS	true	1	1	.	.	2.71	NA	NA	NA	NA	6.51	C/C	8,0	0.00	0	0	NA	271,0	2	6	NA	NA	C/G	12,2	0.143	1	1	0.500	389,64	2	10	NA	NA
20	2819449	rs770033439	C	T	-10.0	PASS	true	1	28	.	.	31.55	NA	NA	NA	NA	7.07	C/C	113,0	0.00	0	0	NA	4156,0	51	62	NA	NA	C/T	119,3	0.036	3	0	0.00	4133,88	49	70	NA	NA
20	20493950	.	C	T	-10.0	PASS	NA	1	1	.	.	16.25	NA	NA	NA	NA	34.61	C/C	54,0	0.00	0	0	NA	2017,0	23	31	NA	NA	C/T	49,16	0.267	12	4	0.250	1698,425	26	23	NA	NA
20	34807938	.	C	T	-10.0	PASS	NA	1	1	.	.	7.22	NA	NA	NA	NA	15.61	C/C	24,0	0.00	0	0	NA	807,0	9	15	NA	NA	C/T	16,6	0.286	2	4	0.667	494,182	10	6	NA	NA
20	36784221	rs45475698	C	T	-10.0	PASS	true	1	1	.	.	7.48	NA	NA	NA	NA	21.89	C/C	26,0	0.00	0	0	NA	904,0	12	14	NA	NA	C/T	23,10	0.310	5	5	0.500	761,280	9	14	NA	NA
20	43031080	.	G	A	-10.0	PASS	NA	1	4	.	.	9.93	NA	NA	NA	NA	20.27	G/G	33,0	0.00	0	0	NA	1115,0	13	20	NA	NA	G/A	24,9	0.286	4	5	0.444	781,270	14	10	NA	NA
20	43743530	.	ACGCG	A	-10.0	PASS	NA	1	16	.	.	10.89	NA	NA	NA	NA	7.78	ACGCG/ACGCG	46,2	0.00	0	0	NA	1631,0	21	25	NA	NA	ACGCG/A	43,6	0.109	2	4	NA	1282,181	20	23	NA	NA
20	50727462	.	T	G	-10.0	PASS	NA	1	4	.	.	17.16	NA	NA	NA	NA	12.94	T/T	59,0	0.00	0	0	NA	2181,0	31	28	NA	NA	T/G	76,6	0.082	5	1	0.833	2252,192	34	42	NA	NA
20	57280567	rs745992951	G	A	-10.0	PASS	true	1	16	.	.	20.47	NA	NA	NA	NA	8.45	G/G	77,0	0.00	0	0	NA	2763,0	26	51	NA	NA	G/A	92,6	0.063	1	5	0.167	2987,177	46	46	NA	NA
20	60859168	rs765317382	G	A	-10.0	PASS	true	1	4	.	.	25.23	NA	NA	NA	NA	23.62	G/G	98,0	0.00	0	0	NA	3430,0	46	52	NA	NA	G/A	91,11	0.134	4	7	0.364	2988,324	41	50	NA	NA
21	10944711	rs755683317	C	T	-10.0	PASS	true	1	2	.	.	13.54	NA	NA	NA	NA	16.95	C/C	48,0	0.00	0	0	NA	1706,0	20	28	NA	NA	C/T	97,9	0.092	5	4	0.444	3287,257	39	58	NA	NA
21	35469174	.	C	T	-10.0	PASS	NA	1	4	.	.	31.25	NA	NA	NA	NA	6.56	C/C	117,0	0.00	0	0	NA	4136,0	28	89	NA	NA	C/T	132,5	0.033	2	3	0.600	4411,153	44	88	NA	NA
22	20843201	rs564569031	G	A	-10.0	PASS	true	1	8	.	.	8.72	NA	NA	NA	NA	11.55	G/G	31,0	0.00	0	0	NA	944,0	13	18	NA	NA	G/A	46,6	0.130	3	3	0.500	1279,164	25	21	NA	NA
22	45802326	.	T	C	-10.0	PASS	NA	1	2	.	.	22.87	NA	NA	NA	NA	10.65	T/T	85,0	0.00	0	0	NA	2893,0	37	48	NA	NA	T/C	106,7	0.063	5	2	0.714	3102,209	62	44	NA	NA
22	50988054	.	G	A	-10.0	PASS	NA	1	12	.	.	33.95	NA	NA	NA	NA	6.84	G/G	127,0	0.00	0	0	NA	4065,0	56	71	NA	NA	G/A	78,6	0.060	0	6	0.00	2267,173	44	34	NA	NA
X	601655	.	G	T	-10.0	PASS	NA	1	3	.	.	6.02	NA	NA	NA	NA	6.43	G/G	21,0	0.00	0	0	NA	700,0	6	15	NA	NA	G/T	19,3	0.150	1	2	0.333	605,87	7	12	NA	NA
X	10155513	rs188033970	G	A	-10.0	PASS	true	1	68	.	.	36.62	NA	NA	NA	NA	35.69	G/G	135,0	0.00	0	0	NA	4187,0	52	83	NA	NA	G/A	153,18	0.125	6	12	0.333	4403,517	76	77	NA	NA
X	18209235	.	T	C	-10.0	PASS	NA	1	2	.	.	13.24	NA	NA	NA	NA	10.84	T/T	47,0	0.00	0	0	NA	1611,0	19	28	NA	NA	T/C	51,6	0.120	5	1	0.833	1470,160	26	25	NA	NA
X	67413817	.	G	A	-10.0	PASS	NA	1	48	.	.	58.39	NA	NA	NA	NA	53.45	G/G	220,0	0.00	0	0	NA	7463,0	91	129	NA	NA	G/A	288,33	0.104	12	21	0.364	8898,934	139	149	NA	NA
X	84534381	rs796394268	CAA	C	-10.0	PASS	true	1	2	.	.	10.59	NA	10,8	A	true	6.32	CAA/CAA	49,1	0.022	0	1	NA	1666,34	19	30	NA	NA	CAA/C	97,5	0.058	4	1	NA	2951,154	44	53	NA	NA
X	117576608	.	C	T	-10.0	PASS	NA	1	8	.	.	35.21	NA	NA	NA	NA	8.55	C/C	128,0	0.00	0	0	NA	4164,0	52	76	NA	NA	C/T	184,8	0.037	8	0	0.00	5377,227	89	95	NA	NA
X	118109305	.	G	A	-10.0	PASS	NA	1	2	.	.	28.19	NA	NA	NA	NA	10.83	G/G	98,0	0.00	0	0	NA	3086,0	53	45	NA	NA	G/A	85,8	0.075	3	5	0.375	2415,211	38	47	NA	NA
X	125686447	.	G	A	-10.0	PASS	NA	1	48	.	.	25.34	NA	NA	NA	NA	6.72	G/G	92,1	0.011	1	0	1.00	2788,6	34	58	NA	NA	G/A	49,7	0.128	3	4	0.429	1379,153	20	29	NA	NA
X	137939773	.	C	A	-10.0	PASS	NA	1	16	.	.	24.07	NA	NA	NA	NA	18.96	C/C	88,0	0.00	0	0	NA	2957,0	32	56	NA	NA	C/A	130,14	0.092	11	3	0.214	4029,369	62	68	NA	NA
X	153880569	rs112780678	A	G	-10.0	PASS	true	1	1	.	.	12.90	NA	NA	NA	NA	9.13	A/A	43,0	0.00	0	0	NA	1420,0	13	30	NA	NA	A/G	11,4	0.267	4	0	0.00	318,110	7	4	NA	NA
GL000224.1	4312	.	G	A	-10.0	PASS	NA	1	6	.	.	2.41	NA	NA	NA	NA	10.08	G/G	12,0	0.00	0	0	NA	416,0	4	8	NA	NA	G/A	20,7	0.238	6	1	0.857	644,192	7	13	NA	NA
GL000212.1	40704	.	TG	T	-10.0	PASS	NA	1	8	.	.	4.51	NA	NA	NA	NA	8.55	TG/TG	17,0	0.00	0	0	NA	547,0	7	10	NA	NA	TG/T	10,5	0.273	4	1	NA	275,146	3	7	NA	NA
hs37d5	2614086	.	G	T	-10.0	PASS	NA	1	2	.	.	15.35	NA	NA	NA	NA	6.63	G/G	51,0	0.00	0	0	NA	1755,0	28	23	NA	NA	G/T	76,4	0.050	3	1	0.750	2326,116	40	36	NA	NA
hs37d5	5701986	.	A	G	-10.0	PASS	NA	1	6	.	.	9.33	NA	NA	NA	NA	47.22	A/A	40,0	0.00	0	0	NA	1344,0	15	25	NA	NA	A/G	232,29	0.102	13	16	0.552	6632,924	115	117	NA	NA
hs37d5	28597646	.	C	A	-10.0	PASS	NA	1	2	.	.	16.55	NA	NA	NA	NA	33.02	C/C	61,0	0.00	0	0	NA	2119,0	41	20	NA	NA	C/A	86,15	0.161	8	7	0.467	2683,437	38	48	NA	NA
hs37d5	28673462	.	A	G	-10.0	PASS	NA	1	8	.	.	4.47	NA	NA	NA	NA	8.02	A/A	17,0	0.00	0	0	NA	545,0	8	9	NA	NA	A/G	63,4	0.074	2	2	0.500	1756,124	44	19	NA	NA
